<?xml version="1.0" encoding="UTF-8"?>
<project-private xmlns="http://www.netbeans.org/ns/project-private/1">
    <editor-bookmarks xmlns="http://www.netbeans.org/ns/editor-bookmarks/2" lastBookmarkId="0"/>
    <open-files xmlns="http://www.netbeans.org/ns/projectui-open-files/2">
        <group>
            <file>file:/C:/Users/bejas/Downloads/PP2/TicTacToeGame/src/tictactoegame/Player.java</file>
            <file>file:/C:/Users/bejas/Downloads/PP2/TicTacToeGame/src/Board.java</file>
            <file>file:/C:/Users/bejas/Downloads/PP2/TicTacToeGame/src/tictactoegame/GameManager.java</file>
            <file>file:/C:/Users/bejas/Downloads/PP2/TicTacToeGame/src/tictactoegame/MainMenuIA.java</file>
            <file>file:/C:/Users/bejas/Downloads/PP2/TicTacToeGame/src/tictactoegame/HumanPlayer.java</file>
            <file>file:/C:/Users/bejas/Downloads/PP2/TicTacToeGame/src/tictactoegame/Celebrar.java</file>
            <file>file:/C:/Users/bejas/Downloads/PP2/TicTacToeGame/src/tictactoegame/MainMenu.java</file>
            <file>file:/C:/Users/bejas/Downloads/PP2/TicTacToeGame/src/tictactoegame/TictactoeGame.java</file>
            <file>file:/C:/Users/bejas/Downloads/PP2/TicTacToeGame/src/tictactoegame/PantallaPrincipal.java</file>
            <file>file:/C:/Users/bejas/Downloads/PP2/TicTacToeGame/src/tictactoegame/IAPlayer.java</file>
            <file>file:/C:/Users/bejas/Downloads/PP2/TicTacToeGame/src/tictactoegame/MainBoard.java</file>
        </group>
    </open-files>
</project-private>
